PO_ID,Supplier,PO_Amount,PO_Date
PO-1001,Fenwick IT Services,734.39,2026-05-08
PO-1002,Bright Office Supplies,869.78,2026-02-22
PO-1003,Fenwick IT Services,4482.46,2026-02-19
PO-1004,Delta Print & Design,352.56,2026-02-07
PO-1005,Bright Office Supplies,2625.71,2026-01-18
PO-1006,Bright Office Supplies,3636.89,2026-07-08
PO-1007,Delta Print & Design,3028.48,2026-01-25
PO-1008,Bright Office Supplies,3551.07,2026-06-09
PO-1009,Bright Office Supplies,1233.51,2026-06-04
PO-1010,Alpha Trading Co,2023.65,2026-06-28
PO-1011,Coastal Logistics,3097.88,2026-01-24
PO-1012,Delta Print & Design,2773.89,2026-07-03
PO-1013,Everline Packaging,1607.26,2026-06-19
PO-1014,Bright Office Supplies,3581.94,2026-01-22
PO-1015,Bright Office Supplies,3910.73,2026-02-28
